{"robot_id": 2, "tag_id": 0, "start_x": 158.19300845433867, "start_y": 106.33907893809192, "start_theta": 176.0164424898624, "goal_x": 157.7572615633262, "goal_y": 101.21181443863095, "goal_theta": -178.79023637189064}
{"robot_id": 2, "tag_id": 0, "start_x": 149.75811057006572, "start_y": 100.88973139793553, "start_theta": -146.71590784148515, "goal_x": 152.3634642670522, "goal_y": 97.01509755713724, "goal_theta": -142.21133022068489}
{"robot_id": 2, "tag_id": 0, "start_x": 144.27551107108636, "start_y": 90.86599657738495, "start_theta": -99.15231641779982, "goal_x": 149.81275522447496, "goal_y": 89.50253265408081, "goal_theta": -88.42487283119956}
{"robot_id": 2, "tag_id": 0, "start_x": 145.64138000249943, "start_y": 78.87350281941438, "start_theta": -55.22014973118179, "goal_x": 150.69082813876497, "goal_y": 82.12199700534198, "goal_theta": -48.40998839677699}
{"robot_id": 2, "tag_id": 0, "start_x": 154.80430254308914, "start_y": 80.27622008751703, "start_theta": 1.954868538675664, "goal_x": 154.57255576376934, "goal_y": 86.06837654329117, "goal_theta": 10.77825001676719}
{"robot_id": 2, "tag_id": 0, "start_x": 163.20844255102244, "start_y": 86.57269585686633, "start_theta": 42.25127063504595, "goal_x": 159.52652359353735, "goal_y": 90.35252487183966, "goal_theta": 47.537008548295105}
{"robot_id": 2, "tag_id": 0, "start_x": 167.8180810150874, "start_y": 97.10292983887683, "start_theta": 83.99952234139481, "goal_x": 162.29412873779052, "goal_y": 98.16980578687075, "goal_theta": 92.30610785156615}
{"robot_id": 2, "tag_id": 0, "start_x": 162.45601399040692, "start_y": 108.90467577263564, "start_theta": 142.24450685244113, "goal_x": 158.15975649551567, "goal_y": 104.4296756997719, "goal_theta": 156.10778960156796}
{"robot_id": 2, "tag_id": 0, "start_x": 153.6370620437345, "start_y": 105.91976132058082, "start_theta": 179.1164528812547, "goal_x": 153.21198923192154, "goal_y": 101.66641045698279, "goal_theta": -174.81940821416228}
{"robot_id": 2, "tag_id": 0, "start_x": 147.02070411302398, "start_y": 106.54226748326222, "start_theta": -141.3605627230566, "goal_x": 150.35517362741365, "goal_y": 102.48559036406209, "goal_theta": -132.2711066096608}
{"robot_id": 2, "tag_id": 0, "start_x": 142.47154962346815, "start_y": 91.93818977067323, "start_theta": -93.78633901808394, "goal_x": 147.5208888910539, "goal_y": 91.23253762806115, "goal_theta": -84.762735926199}
{"robot_id": 2, "tag_id": 0, "start_x": 140.0644680610425, "start_y": 82.96832603945343, "start_theta": -51.833123091049536, "goal_x": 142.68412561798547, "goal_y": 86.51308035750768, "goal_theta": -44.79184419965368}
{"robot_id": 2, "tag_id": 0, "start_x": 150.09816436579737, "start_y": 76.15249223298359, "start_theta": -2.5933510163897613, "goal_x": 150.34995782793462, "goal_y": 80.8650239709271, "goal_theta": 6.206857204595987}
{"robot_id": 2, "tag_id": 0, "start_x": 164.68677035440987, "start_y": 83.3059674042116, "start_theta": 32.0597936862689, "goal_x": 161.99042965825697, "goal_y": 88.29675759064332, "goal_theta": 37.95904198281458}
{"robot_id": 2, "tag_id": 0, "start_x": 167.44291459582297, "start_y": 95.4654830370559, "start_theta": 86.16746538685865, "goal_x": 160.91955773485572, "goal_y": 96.72000652617466, "goal_theta": 98.14718978092021}
{"robot_id": 2, "tag_id": 0, "start_x": 159.44059651369474, "start_y": 106.93387059889253, "start_theta": 136.67890480694885, "goal_x": 154.9012797939343, "goal_y": 102.58840198643077, "goal_theta": 151.49166095224248}
{"robot_id": 2, "tag_id": 0, "start_x": 148.27454717289382, "start_y": 106.69162046625748, "start_theta": 178.02905683431584, "goal_x": 147.33149697676362, "goal_y": 101.27494590149045, "goal_theta": -172.80282363428023}
{"robot_id": 2, "tag_id": 0, "start_x": 142.11737506510516, "start_y": 103.68731501775234, "start_theta": -134.84389702366684, "goal_x": 145.7867543301046, "goal_y": 100.5807991989057, "goal_theta": -127.04302430515897}
{"robot_id": 2, "tag_id": 0, "start_x": 142.50280483173157, "start_y": 94.75469427218651, "start_theta": -92.98077917577037, "goal_x": 148.18515361531396, "goal_y": 94.29820047480224, "goal_theta": -83.83961841012953}
{"robot_id": 2, "tag_id": 0, "start_x": 132.7499253894409, "start_y": 82.99814616057365, "start_theta": -51.203084772690474, "goal_x": 135.88256474286993, "goal_y": 85.6974943540068, "goal_theta": -43.816085978318384}
{"robot_id": 2, "tag_id": 0, "start_x": 151.91690473670224, "start_y": 83.09269118613992, "start_theta": -0.05701738785722005, "goal_x": 153.04935179569907, "goal_y": 88.58337418459655, "goal_theta": 8.942686540076078}
{"robot_id": 2, "tag_id": 0, "start_x": 164.33067079984448, "start_y": 87.88784188063217, "start_theta": 44.122135274000975, "goal_x": 161.1851527764494, "goal_y": 91.38178916524112, "goal_theta": 49.600358919978355}
{"robot_id": 2, "tag_id": 0, "start_x": 168.05004058319048, "start_y": 97.6578879343012, "start_theta": 82.62967180066099, "goal_x": 163.4964645406607, "goal_y": 98.38832254730325, "goal_theta": 90.23916016208841}
{"robot_id": 2, "tag_id": 0, "start_x": 159.90056916025716, "start_y": 101.61016246383429, "start_theta": 135.8245798204587, "goal_x": 155.07058296250807, "goal_y": 97.19952604934261, "goal_theta": 147.45918279485446}
{"robot_id": 2, "tag_id": 0, "start_x": 149.08071232415728, "start_y": 106.15133242543996, "start_theta": -175.58909607765727, "goal_x": 148.8979762450656, "goal_y": 101.43931781372565, "goal_theta": -165.26557795940906}
{"robot_id": 2, "tag_id": 0, "start_x": 142.05809112036235, "start_y": 103.19744802142434, "start_theta": -136.181927833985, "goal_x": 145.98452665845346, "goal_y": 99.39268807877035, "goal_theta": -129.48850618934154}
{"robot_id": 2, "tag_id": 0, "start_x": 141.17075199684604, "start_y": 91.83354222647651, "start_theta": -92.30769048512917, "goal_x": 145.58695061116168, "goal_y": 91.47670038545772, "goal_theta": -85.50199148666654}
{"robot_id": 2, "tag_id": 0, "start_x": 133.16181024526557, "start_y": 84.11977686880071, "start_theta": -48.49799261590979, "goal_x": 136.3184922569194, "goal_y": 87.7165889729742, "goal_theta": -41.23000699930098}
{"robot_id": 2, "tag_id": 0, "start_x": 145.2625095738327, "start_y": 85.00328208278533, "start_theta": -0.5492929501068193, "goal_x": 145.66008809541265, "goal_y": 91.06267774464735, "goal_theta": 7.486246888828812}
{"robot_id": 2, "tag_id": 0, "start_x": 158.37127596898105, "start_y": 92.20035544885228, "start_theta": 50.973690775193525, "goal_x": 155.05214209271807, "goal_y": 95.83639120636613, "goal_theta": 61.2623199806937}
{"robot_id": 2, "tag_id": 0, "start_x": 163.9443973009494, "start_y": 97.9522713188449, "start_theta": 82.98577271980577, "goal_x": 157.37555807469576, "goal_y": 99.42781802232037, "goal_theta": 93.72720523959774}
{"robot_id": 2, "tag_id": 0, "start_x": 156.7647602436722, "start_y": 107.29382014586277, "start_theta": 140.23675402167032, "goal_x": 153.15578082738386, "goal_y": 103.84430117977644, "goal_theta": 150.30927429125163}
{"robot_id": 2, "tag_id": 0, "start_x": 153.60594292132086, "start_y": 104.44198528345703, "start_theta": 177.72550504795853, "goal_x": 152.78588959051476, "goal_y": 98.60232125752285, "goal_theta": -176.37120836266456}
{"robot_id": 2, "tag_id": 0, "start_x": 146.10390858874962, "start_y": 103.59602368113998, "start_theta": -140.43531478664175, "goal_x": 149.0094825160915, "goal_y": 99.68474068385044, "goal_theta": -131.26435475138908}
{"robot_id": 2, "tag_id": 0, "start_x": 146.1748489050986, "start_y": 94.34761200971519, "start_theta": -91.59883186316044, "goal_x": 152.01871674664707, "goal_y": 93.94132894232533, "goal_theta": -80.08743673017744}
{"robot_id": 2, "tag_id": 0, "start_x": 145.09507201854504, "start_y": 84.35400907059524, "start_theta": -40.548391291216554, "goal_x": 146.82435697466562, "goal_y": 88.30953976337044, "goal_theta": -29.603642319033472}
{"robot_id": 2, "tag_id": 0, "start_x": 154.26789913471094, "start_y": 87.1088221449686, "start_theta": -5.370929766596611, "goal_x": 155.52352615635704,