{"robot_id": 2, "tag_id": 0, "start_x": 171.72759839963993, "start_y": 103.87564962750028, "start_theta": -12.4077104923512, "goal_x": 170.29307437995854, "goal_y": 98.62478675403969, "goal_theta": -16.56646957969976}
{"robot_id": 2, "tag_id": 0, "start_x": 167.79726022318084, "start_y": 109.00674812689469, "start_theta": 51.341918858763606, "goal_x": 172.54116405337209, "goal_y": 108.10628615150712, "goal_theta": 53.951418431357155}
{"robot_id": 2, "tag_id": 0, "start_x": 154.24604508473587, "start_y": 95.83663217344721, "start_theta": 94.808730871239, "goal_x": 160.96301835147415, "goal_y": 96.22207705067511, "goal_theta": 93.56164705107768}
{"robot_id": 2, "tag_id": 0, "start_x": 153.20460344631172, "start_y": 95.1939002873252, "start_theta": 135.92711065110612, "goal_x": 157.13971036914114, "goal_y": 99.18827484220927, "goal_theta": 132.99954467272633}
{"robot_id": 2, "tag_id": 0, "start_x": 157.07692062362554, "start_y": 89.84454840746324, "start_theta": 176.75565243380163, "goal_x": 158.07261984607845, "goal_y": 95.41809895526231, "goal_theta": 174.69881604119047}
{"robot_id": 2, "tag_id": 0, "start_x": 166.64565428540456, "start_y": 90.04762941430839, "start_theta": -127.539508234752, "goal_x": 162.51102101181704, "goal_y": 93.05955710541912, "goal_theta": -129.70690315286961}
{"robot_id": 2, "tag_id": 0, "start_x": 163.4692236191092, "start_y": 95.11672169449375, "start_theta": -89.64209843377787, "goal_x": 158.592998967716, "goal_y": 94.287991176976, "goal_theta": -88.70972423868648}
{"robot_id": 2, "tag_id": 0, "start_x": 160.88178194348978, "start_y": 99.54006814071987, "start_theta": -43.659796692281994, "goal_x": 157.60349035406824, "goal_y": 95.34373905451118, "goal_theta": -43.736675159887724}
{"robot_id": 2, "tag_id": 0, "start_x": 157.83227753229238, "start_y": 100.56190660180748, "start_theta": 0.9090882759389133, "goal_x": 158.75343161135305, "goal_y": 96.53717478328399, "goal_theta": -1.4111827268159927}
{"robot_id": 2, "tag_id": 0, "start_x": 156.89476702867333, "start_y": 100.50024082853349, "start_theta": 50.26114929208809, "goal_x": 162.2063919917125, "goal_y": 96.92657233794955, "goal_theta": 46.47685837233759}
{"robot_id": 2, "tag_id": 0, "start_x": 160.71312853183164, "start_y": 98.12280422929226, "start_theta": 87.74975891142131, "goal_x": 168.19216499150244, "goal_y": 98.07504166722084, "goal_theta": 85.08518644860067}
{"robot_id": 2, "tag_id": 0, "start_x": 154.29455863048764, "start_y": 94.42890825803921, "start_theta": 143.55324584746762, "goal_x": 157.66015707930987, "goal_y": 99.2510395549355, "goal_theta": 142.5732043668501}
{"robot_id": 2, "tag_id": 0, "start_x": 153.57416251542088, "start_y": 92.38618508513805, "start_theta": 179.90126659281324, "goal_x": 152.8986276621404, "goal_y": 97.54029873105682, "goal_theta": 177.77191605264406}
{"robot_id": 2, "tag_id": 0, "start_x": 158.8210126327494, "start_y": 96.99347246747568, "start_theta": -129.6331238294936, "goal_x": 154.70889885645718, "goal_y": 99.96132492638557, "goal_theta": -131.05071035936496}
{"robot_id": 2, "tag_id": 0, "start_x": 158.06396350752277, "start_y": 96.17131556044009, "start_theta": -91.43953952619488, "goal_x": 153.07740934036775, "goal_y": 95.07916750391747, "goal_theta": -94.01323221598683}
{"robot_id": 2, "tag_id": 0, "start_x": 160.76455839754217, "start_y": 100.99266082775091, "start_theta": -27.972483401462785, "goal_x": 159.1731263509636, "goal_y": 95.4476301368533, "goal_theta": -27.10591016208996}
{"robot_id": 2, "tag_id": 0, "start_x": 159.19055167562706, "start_y": 83.43236812559971, "start_theta": -6.254822468671501, "goal_x": 158.62373422647454, "goal_y": 74.72018141685929, "goal_theta": -9.306204515405021}
{"robot_id": 2, "tag_id": 0, "start_x": 159.75512368357533, "start_y": 109.98180781453217, "start_theta": 6.9171441754428615, "goal_x": 161.41747362237, "goal_y": 104.75791026175467, "goal_theta": 6.539302294172858}
{"robot_id": 2, "tag_id": 0, "start_x": 157.94842466829814, "start_y": 85.85234169213649, "start_theta": -177.16291377022353, "goal_x": 157.67161959355124, "goal_y": 91.01383750763327, "goal_theta": -176.33519625884412}
{"robot_id": 2, "tag_id": 0, "start_x": 158.37219975257202, "start_y": 94.35309395222711, "start_theta": 3.676238483030369, "goal_x": 159.67231521642006, "goal_y": 89.08604738045459, "goal_theta": 2.9762497208682275}
{"robot_id": 2, "tag_id": 0, "start_x": 145.6943936540688, "start_y": 42.66354747230536, "start_theta": 77.2860280472329, "goal_x": 151.58505707401906, "goal_y": 39.77018007809331, "goal_theta": 71.71788096541695}
{"robot_id": 2, "tag_id": 0, "start_x": 191.02256202064473, "start_y": 29.641407220696816, "start_theta": -55.81632544102019, "goal_x": 187.79398805414252, "goal_y": 25.360877218425518, "goal_theta": -58.465678620071884}
{"robot_id": 2, "tag_id": 0, "start_x": 149.8674497560229, "start_y": 24.132056390273238, "start_theta": -108.0306757424445, "goal_x": 144.35460372238694, "goal_y": 26.408252879564053, "goal_theta": -115.69388754930603}
{"robot_id": 2, "tag_id": 0, "start_x": 147.23007267221686, "start_y": 39.14004594320946, "start_theta": -146.49066790189318, "goal_x": 148.34115052404263, "goal_y": 43.63890567595579, "goal_theta": -153.692724587821}
{"robot_id": 2, "tag_id": 0, "start_x": 148.82341472062254, "start_y": 58.29702820352156, "start_theta": -163.81756581920692, "goal_x": 148.81153666207803, "goal_y": 63.07953259488375, "goal_theta": -166.4390303596171}
{"robot_id": 2, "tag_id": 0, "start_x": 175.28796196268672, "start_y": 75.28727547833411, "start_theta": 162.11733604949484, "goal_x": 180.498862491236, "goal_y": 78.37163804869526, "goal_theta": 155.18334663989194}
{"robot_id": 2, "tag_id": 0, "start_x": 190.6474707050902, "start_y": 95.23045316632764, "start_theta": 79.89150369857262, "goal_x": 196.60623582845517, "goal_y": 95.04883777634633, "goal_theta": 74.92333559610321}
{"robot_id": 2, "tag_id": 0, "start_x": 197.6628498405017, "start_y": 86.72461674672091, "start_theta": 34.39969755729576, "goal_x": 199.58998410859954, "goal_y": 82.67488468147795, "goal_theta": 28.59391535407006}
{"robot_id": 2, "tag_id": 0, "start_x": 187.14931362356725, "start_y": 51.85726804599651, "start_theta": -19.023679673019128, "goal_x": 184.90761231799468, "goal_y": 43.972471974724115, "goal_theta": -25.02275816181433}
{"robot_id": 2, "tag_id": 0, "start_x": 178.63772967552677, "start_y": 21.837112845041485, "start_theta": 31.406611232639296, "goal_x": 184.93427223864774, "goal_y": 15.207812542248053, "goal_theta": 34.00425700237393}
{"robot_id": 2, "tag_id": 0, "start_x": 50.54594540235845, "start_y": 90.50758689230241, "start_theta": 111.73512076757406, "goal_x": 56.00121727213899, "goal_y": 92.5600177809118, "goal_theta": 113.78209988904695}
{"robot_id": 2, "tag_id": 0, "start_x": 127.2223479368957, "start_y": 10.569264369030572, "start_theta": 135.20849442190172, "goal_x": 133.567076116228, "goal_y": 14.980741674643399, "goal_theta": 129.67967040958607}
{"robot_id": 2, "tag_id": 0, "start_x": 157.6955484368867, "start_y": 97.81625769752384, "start_theta": 45.17400112702832, "goal_x": 162.41710799930806, "goal_y": 94.93879864094092, "goal_theta": 46.96684497833241}
{"robot_id": 2, "tag_id": 0, "start_x": 150.47778921273172, "start_y": 78.92249459136104, "start_theta": 138.6691070478789, "goal_x": 156.42811578280828, "goal_y": 82.65602372634551, "goal_theta": 133.1096201403029}
{"robot_id": 2, "tag_id": 0, "start_x": 153.9916318400586, "start_y": 84.31187515302608, "start_theta": 176.8539485060811, "goal_x": 155.74611996659766, "goal_y": 89.41151619768935, "goal_theta": 169.30007558700817}
{"robot_id": 2, "tag_id": 0, "start_x": 161.58624969469594, "start_y": 92.67772445969378, "start_theta": -135.20730006898805, "goal_x": 158.47647383659114, "goal_y": 96.55014927800181, "goal_theta": -142.86494284552626}
{"robot_id": 2, "tag_id": 0, "start_x": 161.14594295633822, "start_y": 94.94686170238914, "start_theta": -87.34452856355438, "goal_x": 156.25320667709266,