{"robot_id": 2, "tag_id": 0, "start_x": 154.44786401104335, "start_y": 100.67665559720628, "start_theta": -31.53381874795586, "goal_x": 150.03143776221538, "goal_y": 95.39312742786916, "goal_theta": -47.30871816860152}
{"robot_id": 2, "tag_id": 0, "start_x": 152.8695180566401, "start_y": 99.57925188167324, "start_theta": 20.162087391756707, "goal_x": 153.74161061640407, "goal_y": 94.40265997309741, "goal_theta": 5.289892454647927}
{"robot_id": 2, "tag_id": 0, "start_x": 154.38549462894267, "start_y": 97.3842761990111, "start_theta": 59.55628304516413, "goal_x": 159.6618820025983, "goal_y": 94.28223141890197, "goal_theta": 45.86727792873653}
{"robot_id": 2, "tag_id": 0, "start_x": 146.23873750014053, "start_y": 97.560757277589, "start_theta": 115.38169633386099, "goal_x": 150.62111259506406, "goal_y": 100.40724520324227, "goal_theta": 102.54179100079737}
{"robot_id": 2, "tag_id": 0, "start_x": 142.11567770341512, "start_y": 83.1483960730334, "start_theta": 142.08944494054995, "goal_x": 146.08942905433247, "goal_y": 86.56451833443833, "goal_theta": 124.63700081066487}
{"robot_id": 2, "tag_id": 0, "start_x": 147.62819134646548, "start_y": 87.6180454977124, "start_theta": -152.40753427467706, "goal_x": 144.50734445049238, "goal_y": 92.60752678569801, "goal_theta": -165.17483508991492}
{"robot_id": 2, "tag_id": 0, "start_x": 150.8154679314392, "start_y": 87.36931025576305, "start_theta": -113.95904932042595, "goal_x": 146.0394830731731, "goal_y": 89.51756395476164, "goal_theta": -125.83580434229515}
{"robot_id": 2, "tag_id": 0, "start_x": 151.45800098263268, "start_y": 93.65839408918083, "start_theta": -69.51062285798702, "goal_x": 147.95391901364698, "goal_y": 92.9439928635717, "goal_theta": -82.4852578733072}
{"robot_id": 2, "tag_id": 0, "start_x": 149.96736854413646, "start_y": 96.53020388004687, "start_theta": -17.028551893734946, "goal_x": 148.58621346036023, "goal_y": 91.28784539170206, "goal_theta": -26.57566468488223}
{"robot_id": 2, "tag_id": 0, "start_x": 145.57027143455434, "start_y": 94.52386050520438, "start_theta": 24.020041940749188, "goal_x": 147.77148479771301, "goal_y": 90.19333659333722, "goal_theta": 13.11567105782049}
{"robot_id": 2, "tag_id": 0, "start_x": 147.8212748987172, "start_y": 91.12095712838993, "start_theta": 52.795051628249134, "goal_x": 152.18895519615208, "goal_y": 86.89194088902171, "goal_theta": 35.448430770378195}
{"robot_id": 2, "tag_id": 0, "start_x": 146.570027367146, "start_y": 86.16881656044131, "start_theta": 112.48285862521446, "goal_x": 150.77897712939134, "goal_y": 88.09104279724335, "goal_theta": 102.34345392472963}
{"robot_id": 2, "tag_id": 0, "start_x": 144.81999055607727, "start_y": 89.33425631510087, "start_theta": 154.5281002415022, "goal_x": 146.7398526105253, "goal_y": 94.24067327466572, "goal_theta": 143.83517551642123}
{"robot_id": 2, "tag_id": 0, "start_x": 144.90569247569567, "start_y": 90.81488273220562, "start_theta": -159.72742640477125, "goal_x": 142.9338604723587, "goal_y": 95.40424440465252, "goal_theta": -172.0120986675263}
{"robot_id": 2, "tag_id": 0, "start_x": 145.1896318898404, "start_y": 87.54405933261641, "start_theta": -125.65333830291101, "goal_x": 141.02809196337205, "goal_y": 90.3817165237627, "goal_theta": -140.3910059291511}
{"robot_id": 2, "tag_id": 0, "start_x": 150.01753721123185, "start_y": 93.9704810056375, "start_theta": -69.51954065938533, "goal_x": 145.28870238848407, "goal_y": 92.67512186443045, "goal_theta": -83.79261737873867}
{"robot_id": 2, "tag_id": 0, "start_x": 148.06959693454084, "start_y": 96.55590678563904, "start_theta": -32.68676659105158, "goal_x": 144.55217360369983, "goal_y": 92.72133414472935, "goal_theta": -47.32034500304031}
{"robot_id": 2, "tag_id": 0, "start_x": 143.50200652377137, "start_y": 93.14300481029767, "start_theta": 14.657755317979133, "goal_x": 143.51503612531627, "goal_y": 87.97150746108015, "goal_theta": 2.6135021769393547}
{"robot_id": 2, "tag_id": 0, "start_x": 142.1956269030199, "start_y": 90.48916991075316, "start_theta": 11.265146328407406, "goal_x": 142.90648494795826, "goal_y": 85.43531630438684, "goal_theta": -0.7046899893106502}
{"robot_id": 2, "tag_id": 0, "start_x": 145.24183194752985, "start_y": 91.98263788350125, "start_theta": 63.712427884198156, "goal_x": 150.15160651615213, "goal_y": 89.66080049738109, "goal_theta": 49.323660329254366}
{"robot_id": 2, "tag_id": 0, "start_x": 140.48793753411616, "start_y": 91.65238474324234, "start_theta": 110.79156600404706, "goal_x": 144.67475478861004, "goal_y": 93.72355694263437, "goal_theta": 98.11765529653968}
{"robot_id": 2, "tag_id": 0, "start_x": 141.94296744002037, "start_y": 94.20551363965757, "start_theta": 149.16098902599649, "goal_x": 144.08099490597962, "goal_y": 98.89408189659797, "goal_theta": 139.04213666338978}
{"robot_id": 2, "tag_id": 0, "start_x": 143.30184650733082, "start_y": 88.1571904173917, "start_theta": -148.9311002072888, "goal_x": 140.01305235270544, "goal_y": 94.93211805456019, "goal_theta": -168.0077821372358}
{"robot_id": 2, "tag_id": 0, "start_x": 145.4992816324418, "start_y": 90.62284332956497, "start_theta": -109.62063971303795, "goal_x": 140.06740504110968, "goal_y": 92.4403886192799, "goal_theta": -122.27238142870188}
{"robot_id": 2, "tag_id": 0, "start_x": 149.53025089747342, "start_y": 94.13080993098998, "start_theta": -60.23967997298456, "goal_x": 146.28183465162343, "goal_y": 91.79280059733897, "goal_theta": -69.62882195919315}
{"robot_id": 2, "tag_id": 0, "start_x": 154.55223690925231, "start_y": 96.69599355940801, "start_theta": -29.548539820314858, "goal_x": 152.63550977792568, "goal_y": 92.65789339584762, "goal_theta": -41.948529852462514}
{"robot_id": 2, "tag_id": 0, "start_x": 152.4761334535217, "start_y": 95.76736846335504, "start_theta": 12.203490552991703, "goal_x": 153.14820950555944, "goal_y": 91.34906175551184, "goal_theta": 0.2840762487494191}
{"robot_id": 2, "tag_id": 0, "start_x": 151.00534233192417, "start_y": 92.22479151889736, "start_theta": 60.754321611882666, "goal_x": 154.48729674173478, "goal_y": 90.16058196643797, "goal_theta": 49.16145760983246}
{"robot_id": 2, "tag_id": 0, "start_x": 144.22522116387026, "start_y": 92.36110252890683, "start_theta": 110.72479784185013, "goal_x": 148.59184494025317, "goal_y": 94.42258789008233, "goal_theta": 96.72205669890006}
{"robot_id": 2, "tag_id": 0, "start_x": 146.7978301311102, "start_y": 96.33983709621451, "start_theta": 153.0380828729871, "goal_x": 148.45727335483275, "goal_y": 101.49469238314737, "goal_theta": 140.45986179874856}
{"robot_id": 2, "tag_id": 0, "start_x": 142.60169965591462, "start_y": 92.19807415515224, "start_theta": -149.17713519300378, "goal_x": 138.60159961019068, "goal_y": 97.97653171442933, "goal_theta": -162.52232110248104}
{"robot_id": 2, "tag_id": 0, "start_x": 141.0863119641984, "start_y": 86.07856442486371, "start_theta": -115.51860225931814, "goal_x": 136.08113874058844, "goal_y": 88.47544573427594, "goal_theta": -128.4481325591928}
{"robot_id": 2, "tag_id": 0, "start_x": 145.94314171438967, "start_y": 89.4940309999015, "start_theta": -61.78260705108304, "goal_x": 142.2832092816535, "goal_y": 87.38774617697669, "goal_theta": -72.31173798639546}
{"robot_id": 2, "tag_id": 0, "start_x": 159.3551568686232, "start_y": 96.47055621494191, "start_theta": -39.6836781108634, "goal_x": 154.7398893989535, "goal_y": 92.33910858129335, "goal_theta": -54.601647814608235}
{"robot_id": 2, "tag_id": 0, "start_x": 157.71711871192772, "start_y": 97.31913808843933, "start_theta": 18.856369562255104, "goal_x": 159.73494030962758, "goal_y": 92.5540227781388, "goal_theta": 4.490731420376281}
{"robot_id": 2, "tag_id": 0, "start_x": 158.74508647832397, "start_y": 95.65400152761937, "start_theta": 72.77169918490479, "goal_x": 163.83118871965712, "goal_y": 94.99062259852698, "goal_theta": 62.83414984606228}
{"robot_id": 2, "tag_id": 0, "start_x": 152.6227919366912, "start_y": 96.12749615907408, "start_theta": 107.12901917912953, "goal_x": 156.35729941510965,