{"robot_id": 2, "tag_id": 0, "start_x": 153.21095745375135, "start_y": 68.70222866910296, "start_theta": -21.531225072560048, "goal_x": 156.4704708820793, "goal_y": 70.54869962476181, "goal_theta": 1.8946577214965423}
{"robot_id": 2, "tag_id": 0, "start_x": 157.36376066866345, "start_y": 91.33593070815168, "start_theta": 3.817450288532466, "goal_x": 157.26081790902134, "goal_y": 96.48364519940306, "goal_theta": 24.213904813946346}
{"robot_id": 2, "tag_id": 0, "start_x": 159.93112909354258, "start_y": 93.17759783331309, "start_theta": 54.552657293912745, "goal_x": 155.70975098177956, "goal_y": 95.74912801090746, "goal_theta": 80.69234931012416}
{"robot_id": 2, "tag_id": 0, "start_x": 148.8636974566488, "start_y": 95.79077275522991, "start_theta": 103.37720255421927, "goal_x": 143.41403073331745, "goal_y": 95.19571881988246, "goal_theta": 127.80921185798253}
{"robot_id": 2, "tag_id": 0, "start_x": 141.02729771686694, "start_y": 93.01052152409943, "start_theta": 151.72718801696317, "goal_x": 138.3802324697772, "goal_y": 89.524244532842, "goal_theta": 173.14048382220565}
{"robot_id": 2, "tag_id": 0, "start_x": 138.87499855669748, "start_y": 84.87577830154515, "start_theta": -149.41589338172238, "goal_x": 140.55295687885538, "goal_y": 80.79442386920257, "goal_theta": -126.37231122376879}
{"robot_id": 2, "tag_id": 0, "start_x": 145.65520632483762, "start_y": 88.51382689249174, "start_theta": -139.6350520302861, "goal_x": 146.84848623297663, "goal_y": 85.34537345483149, "goal_theta": -117.85084141051108}
{"robot_id": 2, "tag_id": 0, "start_x": 152.5952753778646, "start_y": 86.36933411152357, "start_theta": -79.27484608398879, "goal_x": 157.74493465962385, "goal_y": 87.21163624162547, "goal_theta": -57.60480565782935}
{"robot_id": 2, "tag_id": 0, "start_x": 151.6808056844775, "start_y": 88.49081848672532, "start_theta": -36.93111329362379, "goal_x": 155.38539407024862, "goal_y": 92.71810025008082, "goal_theta": -9.59051533400468}
{"robot_id": 2, "tag_id": 0, "start_x": 154.7359552807506, "start_y": 93.73109115013612, "start_theta": 23.473100364166456, "goal_x": 152.93969381794207, "goal_y": 97.13710965576654, "goal_theta": 46.0789845548464}
{"robot_id": 2, "tag_id": 0, "start_x": 154.11953339269868, "start_y": 96.79381701681002, "start_theta": 53.924097599343874, "goal_x": 150.64962381773816, "goal_y": 99.90761219147606, "goal_theta": 76.13260110871718}
{"robot_id": 2, "tag_id": 0, "start_x": 149.86501713936886, "start_y": 101.19419255822787, "start_theta": 96.62398888356802, "goal_x": 144.76343575119466, "goal_y": 101.11658156095123, "goal_theta": 126.27441171159204}
{"robot_id": 2, "tag_id": 0, "start_x": 141.6970330922884, "start_y": 98.04263727167869, "start_theta": 143.8195740783404, "goal_x": 138.52121246157841, "goal_y": 95.05969977587799, "goal_theta": 162.65306521457154}
{"robot_id": 2, "tag_id": 0, "start_x": 142.30107116800988, "start_y": 95.64387426610716, "start_theta": -169.9907442500774, "goal_x": 142.51992938021093, "goal_y": 91.71497433699086, "goal_theta": -151.9192731486939}
{"robot_id": 2, "tag_id": 0, "start_x": 142.75545687186656, "start_y": 90.61472766434142, "start_theta": -125.95539491321128, "goal_x": 146.95663242065692, "goal_y": 86.98376914616864, "goal_theta": -98.62660007985963}
{"robot_id": 2, "tag_id": 0, "start_x": 148.80589313623636, "start_y": 88.37963882173892, "start_theta": -78.86411780786239, "goal_x": 153.18073897223448, "goal_y": 88.80705478445634, "goal_theta": -53.51236928943188}
{"robot_id": 2, "tag_id": 0, "start_x": 149.78701273027195, "start_y": 96.13820735259628, "start_theta": -79.28703656992332, "goal_x": 153.8258972431847, "goal_y": 96.55763878736357, "goal_theta": -60.23202423375527}
{"robot_id": 2, "tag_id": 0, "start_x": 152.67021166962093, "start_y": 88.51031092899092, "start_theta": -31.423514334313904, "goal_x": 154.7868414914176, "goal_y": 92.33188118552566, "goal_theta": -4.132082185685773}
{"robot_id": 2, "tag_id": 0, "start_x": 154.49920549073508, "start_y": 90.01056834849922, "start_theta": 11.898295341297612, "goal_x": 153.18960682106413, "goal_y": 94.49166011885698, "goal_theta": 32.93821537393823}
{"robot_id": 2, "tag_id": 0, "start_x": 159.3287512651885, "start_y": 95.64066016576405, "start_theta": 62.655416126096156, "goal_x": 155.89149981988825, "goal_y": 97.80062961928508, "goal_theta": 82.73869335697772}
{"robot_id": 2, "tag_id": 0, "start_x": 152.08944427421272, "start_y": 97.59348963589463, "start_theta": 103.33945980218134, "goal_x": 147.1317600636015, "goal_y": 96.6579810701307, "goal_theta": 125.87999335377661}
{"robot_id": 2, "tag_id": 0, "start_x": 146.62808159066438, "start_y": 95.35283117060365, "start_theta": 156.5249623890595, "goal_x": 144.19233539969758, "goal_y": 91.31790304448737, "goal_theta": 178.16159310036832}
{"robot_id": 2, "tag_id": 0, "start_x": 149.96661636053037, "start_y": 87.48603480055615, "start_theta": -159.59004774550206, "goal_x": 150.7056243820689, "goal_y": 82.50298171325677, "goal_theta": -137.48839193596234}
{"robot_id": 2, "tag_id": 0, "start_x": 139.5622345724013, "start_y": 90.37474150538915, "start_theta": -122.01165652490256, "goal_x": 142.02674436343636, "goal_y": 86.28748960717452, "goal_theta": -94.86273713794499}
{"robot_id": 2, "tag_id": 0, "start_x": 148.17003818883506, "start_y": 89.5157206100691, "start_theta": -76.7843932986063, "goal_x": 151.72012954648906, "goal_y": 89.8873141572046, "goal_theta": -56.75525885079523}
{"robot_id": 2, "tag_id": 0, "start_x": 154.10703823740022, "start_y": 85.01437184239877, "start_theta": -33.32470564309823, "goal_x": 156.76899869932097, "goal_y": 87.97246253631683, "goal_theta": -11.41308593910156}
{"robot_id": 2, "tag_id": 0, "start_x": 155.17286013863034, "start_y": 95.85286006847832, "start_theta": 18.69553652823044, "goal_x": 153.45708479596118, "goal_y": 100.94314633112035, "goal_theta": 44.160730742033316}
{"robot_id": 2, "tag_id": 0, "start_x": 154.58635734322573, "start_y": 96.9276958015406, "start_theta": 50.45672428863785, "goal_x": 150.31751001276947, "goal_y": 101.29223870156589, "goal_theta": 77.52565675978025}
{"robot_id": 2, "tag_id": 0, "start_x": 160.1934556004532, "start_y": 101.21538236218355, "start_theta": 109.42894295032329, "goal_x": 156.45041182782094, "goal_y": 100.08867812604764, "goal_theta": 137.06727350786463}
{"robot_id": 2, "tag_id": 0, "start_x": 149.16333870357056, "start_y": 93.41654973980697, "start_theta": 153.28271264782757, "goal_x": 145.662040308785, "goal_y": 88.9015577471236, "goal_theta": -178.42039597496606}
{"robot_id": 2, "tag_id": 0, "start_x": 149.1614161816563, "start_y": 88.84666813818475, "start_theta": 179.76694437493612, "goal_x": 148.54988101275575, "goal_y": 84.22216291360282, "goal_theta": -161.7066960940629}
{"robot_id": 2, "tag_id": 0, "start_x": 145.2749082318922, "start_y": 89.15269799718189, "start_theta": -129.3696229504032, "goal_x": 148.14033188497103, "goal_y": 86.16198752507027, "goal_theta": -109.14761690270021}
{"robot_id": 2, "tag_id": 0, "start_x": 141.10381507876895, "start_y": 86.79377597985116, "start_theta": -74.1330956774986, "goal_x": 145.37808110033487, "goal_y": 88.61959528923303, "goal_theta": -44.928124690888644}
{"robot_id": 2, "tag_id": 0, "start_x": 153.37623495545967, "start_y": 91.47163304326936, "start_theta": -32.77062553110187, "goal_x": 156.40600330360374, "goal_y": 95.58462743568701, "goal_theta": -6.4305551003008725}
{"robot_id": 2, "tag_id": 0, "start_x": 160.4632173433385, "start_y": 93.22385712508736, "start_theta": 23.670075887018935, "goal_x": 158.9101363455199, "goal_y": 98.21620858735936, "goal_theta": 48.2406407206709}
{"robot_id": 2, "tag_id": 0, "start_x": 157.72573913193958, "start_y": 97.65654687010877, "start_theta": 57.87005672308414, "goal_x": 154.00678997758385, "goal_y": 100.45318283755343, "goal_theta": 83.58452901171985}
{"robot_id": 2, "tag_id": 0, "start_x": 151.6910566603986, "start_y": 99.81060772346093, "start_theta": 99.99328722238812, "goal_x": 147.24876667724686,