{"robot_id": 2, "tag_id": 0, "start_x": 142.84105239709334, "start_y": 77.62566361980826, "start_theta": 33.31254998165565, "goal_x": 139.195886516203, "goal_y": 82.23516104944706, "goal_theta": 28.326439193604852}
{"robot_id": 2, "tag_id": 0, "start_x": 150.397372612288, "start_y": 84.25419999693045, "start_theta": 70.44259190630385, "goal_x": 144.6513925596342, "goal_y": 85.95626159737351, "goal_theta": 61.59701158760605}
{"robot_id": 2, "tag_id": 0, "start_x": 153.1088806949715, "start_y": 88.47926850951083, "start_theta": 118.8424476717784, "goal_x": 148.41920643121554, "goal_y": 85.38182219398034, "goal_theta": 108.41774615827357}
{"robot_id": 2, "tag_id": 0, "start_x": 152.48367755817614, "start_y": 96.20628739181159, "start_theta": 153.2171650195325, "goal_x": 150.33302379964496, "goal_y": 90.56564026117977, "goal_theta": 144.66270262016616}
{"robot_id": 2, "tag_id": 0, "start_x": 147.2968124050856, "start_y": 94.58706867099737, "start_theta": -143.29958064535253, "goal_x": 151.812361112609, "goal_y": 91.0819747181469, "goal_theta": -151.292408634428}
{"robot_id": 2, "tag_id": 0, "start_x": 146.43666076006824, "start_y": 93.12420764301005, "start_theta": -107.35782793510144, "goal_x": 152.46191866793956, "goal_y": 92.35584466652877, "goal_theta": -115.11147285623993}
{"robot_id": 2, "tag_id": 0, "start_x": 140.05326200988472, "start_y": 91.47339226216386, "start_theta": -52.44245251254644, "goal_x": 143.38579663091926, "goal_y": 95.79408830138833, "goal_theta": -59.023921888351566}
{"robot_id": 2, "tag_id": 0, "start_x": 144.6656988938789, "start_y": 83.88076929082284, "start_theta": -15.85264374163668, "goal_x": 145.38717163510051, "goal_y": 87.94954567921299, "goal_theta": -24.14180349248814}
{"robot_id": 2, "tag_id": 0, "start_x": 150.3428219808295, "start_y": 85.67895822412196, "start_theta": 25.958405423566074, "goal_x": 146.8775813876607, "goal_y": 90.50252116976118, "goal_theta": 13.676565272853715}
{"robot_id": 2, "tag_id": 0, "start_x": 152.16253969556467, "start_y": 85.01214498303862, "start_theta": 65.31640453908464, "goal_x": 146.67426417950517, "goal_y": 86.468679256155, "goal_theta": 55.98788502926196}
{"robot_id": 2, "tag_id": 0, "start_x": 151.57359477772846, "start_y": 89.89869340853483, "start_theta": 118.23146662371028, "goal_x": 148.0804887511, "goal_y": 86.31605155275628, "goal_theta": 109.86157096615295}
{"robot_id": 2, "tag_id": 0, "start_x": 149.32011702538773, "start_y": 95.1344109074101, "start_theta": 159.17854411731471, "goal_x": 148.57532659237742, "goal_y": 90.13353304807701, "goal_theta": 150.42681223548865}
{"robot_id": 2, "tag_id": 0, "start_x": 149.72225071150322, "start_y": 94.88732601567541, "start_theta": -154.03913703867997, "goal_x": 152.75465417655678, "goal_y": 90.39577790347779, "goal_theta": -164.7914418767582}
{"robot_id": 2, "tag_id": 0, "start_x": 144.08722516361163, "start_y": 92.93507552897847, "start_theta": -107.77880224751546, "goal_x": 149.4926689343391, "goal_y": 92.10902947220546, "goal_theta": -119.64635976888748}
{"robot_id": 2, "tag_id": 0, "start_x": 138.51894601360743, "start_y": 92.16623254059067, "start_theta": -54.30512428137612, "goal_x": 141.96383063793652, "goal_y": 96.96090569746457, "goal_theta": -63.280694049865886}
{"robot_id": 2, "tag_id": 0, "start_x": 133.77166537249332, "start_y": 86.54868289009968, "start_theta": -18.494359503381446, "goal_x": 134.10410330921331, "goal_y": 91.87217576208646, "goal_theta": -30.52178243268654}
{"robot_id": 2, "tag_id": 0, "start_x": 147.49054174655174, "start_y": 86.87520975236265, "start_theta": 28.629467799130257, "goal_x": 144.80705497748312, "goal_y": 91.51355243357958, "goal_theta": 17.05449112573929}
{"robot_id": 2, "tag_id": 0, "start_x": 153.932875566845, "start_y": 91.08354836542806, "start_theta": 74.43285585104205, "goal_x": 147.84300904607198, "goal_y": 92.18522765093252, "goal_theta": 64.7084676923621}
{"robot_id": 2, "tag_id": 0, "start_x": 154.74003043337964, "start_y": 90.84692723839777, "start_theta": 116.97446831153088, "goal_x": 151.7879621568866, "goal_y": 87.7810392314325, "goal_theta": 107.95545628809077}
{"robot_id": 2, "tag_id": 0, "start_x": 151.6282963407658, "start_y": 97.05664580422078, "start_theta": 158.77590189285618, "goal_x": 150.70237316740312, "goal_y": 92.30313737976283, "goal_theta": 150.623142026799}
{"robot_id": 2, "tag_id": 0, "start_x": 144.69430661379192, "start_y": 97.35353069411234, "start_theta": -148.74832282632184, "goal_x": 147.572722754093, "goal_y": 94.03968932026194, "goal_theta": -158.32886281489186}
{"robot_id": 2, "tag_id": 0, "start_x": 143.55153929880504, "start_y": 95.26080991897885, "start_theta": -101.77658483755037, "goal_x": 148.20353015361133, "goal_y": 95.97202178712665, "goal_theta": -111.58829512918281}
{"robot_id": 2, "tag_id": 0, "start_x": 139.02435648826906, "start_y": 93.9863337699934, "start_theta": -54.71587027441159, "goal_x": 142.99885754850433, "goal_y": 98.68486351113808, "goal_theta": -63.07054443524739}
{"robot_id": 2, "tag_id": 0, "start_x": 135.63139974992987, "start_y": 87.32770510005142, "start_theta": -11.400824135832163, "goal_x": 135.47011327505254, "goal_y": 93.86140448560234, "goal_theta": -22.525057398461318}
{"robot_id": 2, "tag_id": 0, "start_x": 147.1399375860295, "start_y": 96.75695754582362, "start_theta": -59.2077983407975, "goal_x": 150.58806600215982, "goal_y": 100.34863179059566, "goal_theta": -64.41524203858826}
{"robot_id": 2, "tag_id": 0, "start_x": 150.0544337965409, "start_y": 71.23885035193923, "start_theta": -1.9980207269474142, "goal_x": 149.80429563319467, "goal_y": 75.54266308578171, "goal_theta": -16.702718222563423}
{"robot_id": 2, "tag_id": 0, "start_x": 157.86759997033212, "start_y": 87.22721683428179, "start_theta": 66.7505578838884, "goal_x": 151.0191290656515, "goal_y": 89.16317908190354, "goal_theta": 55.70112958108456}
{"robot_id": 2, "tag_id": 0, "start_x": 163.38642304823617, "start_y": 89.75504860836602, "start_theta": 123.82785033486577, "goal_x": 160.16634977346416, "goal_y": 86.1242979304002, "goal_theta": 116.50417676899065}
{"robot_id": 2, "tag_id": 0, "start_x": 164.16855296413937, "start_y": 98.23948174196082, "start_theta": 158.8463847747073, "goal_x": 162.7045438664375, "goal_y": 93.26403214223215, "goal_theta": 149.0538774632324}
{"robot_id": 2, "tag_id": 0, "start_x": 159.1709683823711, "start_y": 94.71805253855979, "start_theta": -147.80546309386466, "goal_x": 162.36661795853888, "goal_y": 89.9805230671548, "goal_theta": -160.46938363733568}
{"robot_id": 2, "tag_id": 0, "start_x": 157.242928805495, "start_y": 94.03976602319545, "start_theta": -102.9745350282043, "goal_x": 162.99762824968778, "goal_y": 93.90827987513292, "goal_theta": -113.4363767331108}
{"robot_id": 2, "tag_id": 0, "start_x": 147.5619892919772, "start_y": 80.11879226505316, "start_theta": -12.80555040625245, "goal_x": 148.55251612966524, "goal_y": 85.85918166356896, "goal_theta": -23.575993565077624}
{"robot_id": 2, "tag_id": 0, "start_x": 153.7173155807851, "start_y": 79.56040975479056, "start_theta": 23.62408942873128, "goal_x": 151.41613602666237, "goal_y": 84.50656873106907, "goal_theta": 11.525640949121442}
{"robot_id": 2, "tag_id": 0, "start_x": 159.6199279722536, "start_y": 85.12890169357804, "start_theta": 74.83153184462611, "goal_x": 154.40504645412454, "goal_y": 85.53928094504644, "goal_theta": 66.01753739416075}
{"robot_id": 2, "tag_id": 0, "start_x": 162.40285143461625, "start_y": 87.6120973089327, "start_theta": 111.35393607024925, "goal_x": 158.0324444716093, "goal_y": 85.1447260036199, "goal_theta": 100.15342069650787}
{"robot_id": 2, "tag_id": 0, "start_x": 162.87698938099723, "start_y": 93.30207432296758, "start_theta": 150.01628675544484, "goal_x": 161.0803369806566, "goal_y": 88.63605672848071, "goal_theta": 136.5927007931902}
{"robot_id": 2, "tag_id": 0, "start_x": 155.63521057613173, "start_y": 96.20477807602306, "start_theta": -155.31012156117592, "goal_x": 158.14268885566446, "goal_y": 91.7949037422902,