{"robot_id": 2, "tag_id": 0, "start_x": 149.63566794529348, "start_y": 99.29196970420017, "start_theta": 24.384533258178887, "goal_x": 152.5990288730305, "goal_y": 94.55086488637811, "goal_theta": 42.18204276701553}
{"robot_id": 2, "tag_id": 0, "start_x": 153.73942829423112, "start_y": 95.9352043790393, "start_theta": 63.13256073521235, "goal_x": 159.45149822740663, "goal_y": 94.57593437419673, "goal_theta": 83.01242994279687}
{"robot_id": 2, "tag_id": 0, "start_x": 148.95117344089076, "start_y": 98.4480394924772, "start_theta": 114.48460422877258, "goal_x": 152.70142728927348, "goal_y": 103.17298225992113, "goal_theta": 135.64670978244962}
{"robot_id": 2, "tag_id": 0, "start_x": 152.57071064483426, "start_y": 94.19853862128403, "start_theta": 160.07579279291383, "goal_x": 152.23380414366494, "goal_y": 99.0769788044212, "goal_theta": 179.60668103795712}
{"robot_id": 2, "tag_id": 0, "start_x": 154.74686441732703, "start_y": 95.2494974734294, "start_theta": -159.3080743882183, "goal_x": 151.91794641202515, "goal_y": 99.02436554060606, "goal_theta": -138.8618610947697}
{"robot_id": 2, "tag_id": 0, "start_x": 153.40899205664707, "start_y": 95.11586364322847, "start_theta": -99.3362359370821, "goal_x": 148.04904549693507, "goal_y": 94.9301905840696, "goal_theta": -81.28486652195969}
{"robot_id": 2, "tag_id": 0, "start_x": 153.96355921453932, "start_y": 89.48970099559016, "start_theta": -52.18402382673197, "goal_x": 151.52668227387522, "goal_y": 85.59348517616, "goal_theta": -33.80515645782877}
{"robot_id": 2, "tag_id": 0, "start_x": 153.65216509877246, "start_y": 89.6216894241528, "start_theta": -24.26774016298965, "goal_x": 152.50001775730308, "goal_y": 85.63122796802591, "goal_theta": -10.612694777259266}
{"robot_id": 2, "tag_id": 0, "start_x": 159.2821455730693, "start_y": 89.94607107856552, "start_theta": 26.86306802196863, "goal_x": 162.44114599274582, "goal_y": 86.28764796161794, "goal_theta": 41.38171617592638}
{"robot_id": 2, "tag_id": 0, "start_x": 160.72937652263673, "start_y": 89.06880230793335, "start_theta": 57.196585974236385, "goal_x": 164.90835275789482, "goal_y": 87.78935778828665, "goal_theta": 70.98472672112997}
{"robot_id": 2, "tag_id": 0, "start_x": 161.59740877550075, "start_y": 89.32991146506045, "start_theta": 124.41398480747765, "goal_x": 164.58207579873778, "goal_y": 93.85783161347342, "goal_theta": 143.02361551574882}
{"robot_id": 2, "tag_id": 0, "start_x": 155.55568695409357, "start_y": 95.50364645791204, "start_theta": 162.3868462436389, "goal_x": 154.9418878115102, "goal_y": 100.91617164140472, "goal_theta": -179.38189823783287}
{"robot_id": 2, "tag_id": 0, "start_x": 154.85117545833154, "start_y": 94.97618265272067, "start_theta": -148.47624004754368, "goal_x": 150.7453960902407, "goal_y": 98.69475076669703, "goal_theta": -128.3040924143382}
{"robot_id": 2, "tag_id": 0, "start_x": 154.38520761151403, "start_y": 98.59352021447403, "start_theta": -110.26056281112932, "goal_x": 149.77232782993602, "goal_y": 99.71665900134553, "goal_theta": -94.47459120494217}
{"robot_id": 2, "tag_id": 0, "start_x": 149.7888338063709, "start_y": 100.5555589852028, "start_theta": -63.20388942570212, "goal_x": 145.570669794951, "goal_y": 97.96738921961197, "goal_theta": -46.06772127521468}
{"robot_id": 2, "tag_id": 0, "start_x": 153.35814790887912, "start_y": 96.12548456278545, "start_theta": -13.245433263706841, "goal_x": 153.57314375723442, "goal_y": 91.7971652416848, "goal_theta": 2.5156826399439733}
{"robot_id": 2, "tag_id": 0, "start_x": 155.29790571456576, "start_y": 95.66622451121826, "start_theta": 26.38182508189393, "goal_x": 158.38807885999725, "goal_y": 91.73848254896922, "goal_theta": 44.28341427755002}
{"robot_id": 2, "tag_id": 0, "start_x": 157.86338378327696, "start_y": 93.25415973240229, "start_theta": 74.63999271833055, "goal_x": 161.99763478543107, "goal_y": 93.81667677821018, "goal_theta": 93.53648668318911}
{"robot_id": 2, "tag_id": 0, "start_x": 162.8516180300209, "start_y": 90.5331726517092, "start_theta": 114.23647515779982, "goal_x": 167.20057538881352, "goal_y": 94.8180038837948, "goal_theta": 134.06661453909453}
{"robot_id": 2, "tag_id": 0, "start_x": 149.9578177917697, "start_y": 92.72617632669353, "start_theta": 158.03543238080192, "goal_x": 148.9691145044688, "goal_y": 97.53831795810348, "goal_theta": 175.5009094374734}
{"robot_id": 2, "tag_id": 0, "start_x": 152.53110718825857, "start_y": 96.11381334545023, "start_theta": -150.95346534330542, "goal_x": 148.07479788829082, "goal_y": 100.03269488173413, "goal_theta": -131.41584122897402}
{"robot_id": 2, "tag_id": 0, "start_x": 149.28576400832554, "start_y": 95.57131081671348, "start_theta": -118.35728368930471, "goal_x": 144.8630184274912, "goal_y": 96.90224032476621, "goal_theta": -103.54437028172107}
{"robot_id": 2, "tag_id": 0, "start_x": 151.29905023579528, "start_y": 90.81695865998687, "start_theta": -53.3182973650217, "goal_x": 149.06284796351272, "goal_y": 87.74277683904924, "goal_theta": -35.50760923654981}
{"robot_id": 2, "tag_id": 0, "start_x": 153.35515154589564, "start_y": 92.66745899394346, "start_theta": -22.432593957254603, "goal_x": 151.66995098224098, "goal_y": 88.71451393231418, "goal_theta": -7.493974218337552}
{"robot_id": 2, "tag_id": 0, "start_x": 154.27802144764678, "start_y": 94.05083103992709, "start_theta": 19.908033578374315, "goal_x": 155.79281283591214, "goal_y": 89.73024386938243, "goal_theta": 34.386039911604776}
{"robot_id": 2, "tag_id": 0, "start_x": 151.92545587664512, "start_y": 89.46654660682123, "start_theta": 68.13708215574391, "goal_x": 154.83152961019888, "goal_y": 89.06128789473702, "goal_theta": 78.93790329668464}
{"robot_id": 2, "tag_id": 0, "start_x": 155.57829947375154, "start_y": 87.35415524067332, "start_theta": 123.11965490771597, "goal_x": 157.68893162100494, "goal_y": 91.82192791776937, "goal_theta": 146.18538498443516}
{"robot_id": 2, "tag_id": 0, "start_x": 148.68685265770873, "start_y": 89.21496593346727, "start_theta": 167.1829623598041, "goal_x": 146.36204365148689, "goal_y": 93.38195176821519, "goal_theta": -173.73889958185362}
{"robot_id": 2, "tag_id": 0, "start_x": 147.5358286430721, "start_y": 94.75893520212345, "start_theta": -150.24436367087173, "goal_x": 143.18246457703464, "goal_y": 98.61637274008524, "goal_theta": -132.14750508111896}
{"robot_id": 2, "tag_id": 0, "start_x": 153.5196521211161, "start_y": 95.64043747982804, "start_theta": -107.23186713229349, "goal_x": 148.44393694155383, "goal_y": 95.49154718872205, "goal_theta": -85.10605601357327}
{"robot_id": 2, "tag_id": 0, "start_x": 148.10115648025013, "start_y": 89.79169034199275, "start_theta": -59.54061325900194, "goal_x": 144.8376396536503, "goal_y": 86.40218770994991, "goal_theta": -45.21354686939576}
{"robot_id": 2, "tag_id": 0, "start_x": 151.13870399042557, "start_y": 87.32732158538384, "start_theta": -23.316024035315056, "goal_x": 150.29855696532664, "goal_y": 82.66151677968026, "goal_theta": -6.851078450468456}
{"robot_id": 2, "tag_id": 0, "start_x": 153.43067176966196, "start_y": 93.15677422400776, "start_theta": 23.702748399177135, "goal_x": 156.1381195454455, "goal_y": 89.5754326066667, "goal_theta": 40.47512328713195}
{"robot_id": 2, "tag_id": 0, "start_x": 152.2221156063125, "start_y": 88.83715944871703, "start_theta": 63.45433843421453, "goal_x": 156.76757845790686, "goal_y": 87.55367441647579, "goal_theta": 81.8130563140761}
{"robot_id": 2, "tag_id": 0, "start_x": 155.9339190164104, "start_y": 88.88545507966174, "start_theta": 123.00713261939383, "goal_x": 158.53736008863535, "goal_y": 93.04955094581784, "goal_theta": 143.62696348669067}
{"robot_id": 2, "tag_id": 0, "start_x": 150.2288760616602, "start_y": 90.28666179483177, "start_theta": 160.9659002274753, "goal_x": 149.8703912932913, "goal_y": 95.00442665227156, "goal_theta": 177.74411331143318}
{"robot_id": 2, "tag_id": 0, "start_x": 147.13344505385064, "start_y": 91.90216166051458, "start_theta": -148.94430099312845, "goal_x": 142.69757089994425, "goal_y": 95.01823812888068,